-- Crear la base de datos si no existe
CREATE DATABASE IF NOT EXISTS UniGen;

USE UniGen;

-- usuarios de prueba
INSERT INTO usuario (username, email, password, telefono, pais, edad, foto)
VALUES
('admin', 'admin@unigen.com', 'admin', '600000001', 'España', 25, 'default-avatar.svg'),
('Chuso', 'chusox@gmail.com', 'chuso', '612345678', 'España', 19, 'default-avatar.svg'),
('Alejandro', 'pazix@example.com', 'pazos', '622334455', 'España', 19, 'default-avatar.svg'),
('Nicolas', 'nico@gmail.com', 'lolo', '611998877', 'España', 20, 'default-avatar.svg'),
('Mario', 'mario@correo.com', 'mario', '655443322', 'España', 20, 'default-avatar.svg'),
('Gonzalo', 'gonyi@correo.com', 'super', '645675465', 'España', 19, 'default-avatar.svg'),
('Pedro', 'pedrogomez@gmail.com', 'pedro', '612345678', 'Perú', 28, 'default-avatar.svg'),
('Sofia', 'sofia.martinez@gmail.com', 'sofia123', '614567890', 'Chile', 27, 'default-avatar.svg'),
('Carlos', 'carlos.ramirez@hotmail.com', 'carlos2024', '615678901', 'México', 30, 'default-avatar.svg'),
('Valeria', 'valeria.lopez@yahoo.com', 'valeria', '616789012', 'Colombia', 24, 'default-avatar.svg'),
('Andrea', 'andrea.perez@outlook.com', 'andrea', '617890123', 'España', 29, 'default-avatar.svg'),
('Juan', 'juan.garcia@gmail.com', 'juanito', '618901234', 'España', 23, 'default-avatar.svg'),
('Lucia', 'lucia.fernandez@gmail.com', 'lucia', '619012345', 'España', 21, 'default-avatar.svg'),
('Martin', 'martin.sanchez@gmail.com', 'martin', '620123456', 'Uruguay', 50, 'default-avatar.svg'),
('Camila', 'camila.gomez@gmail.com', 'camila', '621234567', 'Chile', 28, 'default-avatar.svg'),
('Diego', 'diego.torres@gmail.com', 'diego', '622345678', 'México', 80, 'default-avatar.svg'),
('Eustaquio', 'eustaquio.gomez@gmail.com', 'eustaquio', '623456789', 'España', 77, 'default-avatar.svg'),
('Aniceto', 'aniceto.lopez@gmail.com', 'aniceto', '624567890', 'España', 82, 'default-avatar.svg'),
('Leocadia', 'leocadia.martinez@gmail.com', 'leocadia', '625678901', 'España', 75, 'default-avatar.svg'),
('Ciriaco', 'ciriaco.perez@gmail.com', 'ciriaco', '626789012', 'España', 79, 'default-avatar.svg'),
('Eulalia', 'eulalia.sanchez@gmail.com', 'eulalia', '627890123', 'España', 85, 'default-avatar.svg'),
('Bartolome', 'bartolome.ruiz@gmail.com', 'bartolome', '628901234', 'España', 90, 'default-avatar.svg'),
('Isidoro', 'isidoro.moreno@gmail.com', 'isidoro', '629012345', 'España', 88, 'default-avatar.svg'),
('Teodora', 'teodora.garcia@gmail.com', 'teodora', '630123456', 'España', 83, 'default-avatar.svg'),
('Hermenegildo', 'hermenegildo.alvarez@gmail.com', 'hermenegildo', '631234567', 'España', 86, 'default-avatar.svg'),
('Filomena', 'filomena.diaz@gmail.com', 'filomena', '632345678', 'España', 81, 'default-avatar.svg');


-- Insertar actividades de prueba con puntos proporcionales (cada minuto = 0.833 puntos, redondeado)
INSERT INTO actividad (nombre, fecha, hora, lugar, tipo, descripcion, duracion, creador, puntos)
VALUES
('Clase Magistral de Inteligencia Artificial', '2025-07-10', '10:00:00', 'Sala 102', 'charla', 'Explora los fundamentos y aplicaciones de la inteligencia artificial. Aprende sobre redes neuronales, aprendizaje automático y su impacto en la sociedad.', 150, 1, 125),
('Taller de Robótica', '2025-07-12', '14:00:00', 'Laboratorio 3', 'taller', 'Aprende a construir y programar robots con Arduino. Diseña circuitos básicos y programa movimientos autónomos.', 120, 1, 100),
('Cine Científico', '2025-07-15', '18:00:00', 'Sala Audiovisual', 'ocio', 'Proyección de documental sobre ciencia y tecnología. Reflexiona sobre los avances científicos y su influencia en el mundo moderno.', 90, 1, 75),
('Hackatón Universitaria', '2025-07-20', '08:00:00', 'Sala Multiusos', 'ocio', 'Desafío de programación intensivo de 12 horas. Trabaja en equipo para resolver problemas reales y crea soluciones innovadoras.', 720, 1, 600),
('Sesión de Meditación Guiada', '2025-07-22', '16:30:00', 'Sala Zen', 'ayuda', 'Espacio de relajación y mindfulness para estudiantes. Aprende técnicas de respiración y meditación para reducir el estrés.', 60, 1, 50),
('Torneo de Videojuegos', '2025-07-25', '13:00:00', 'Sala de Juegos', 'ocio', 'Competencia de FIFA, Smash Bros y más. Demuestra tus habilidades y compite por premios en un ambiente divertido.', 180, 2, 150),
('Feria de Proyectos', '2025-07-28', '10:00:00', 'Pasillos de Ingeniería', 'taller', 'Estudiantes presentan sus trabajos finales. Descubre proyectos innovadores y colabora con otros estudiantes.', 240, 3, 200),
('Charla sobre Energías Renovables', '2025-07-30', '11:00:00', 'Auditorio B', 'charla', 'Análisis del futuro de la energía sostenible. Aprende sobre paneles solares, energía eólica y su impacto ambiental.', 120, 4, 100),
('Taller de Diseño 3D', '2025-08-02', '15:00:00', 'Laboratorio CAD', 'taller', 'Aprende a modelar en 3D con Blender. Crea objetos y escenas realistas desde cero.', 150, 5, 125),
('Rally de Conocimientos', '2025-08-05', '09:00:00', 'Explanada Central', 'ocio', 'Actividad lúdica de preguntas y desafíos. Pon a prueba tus conocimientos en diversas áreas académicas.', 180, 1, 150),
('Exposición de Arte Digital', '2025-08-07', '13:00:00', 'Galería Campus', 'ocio', 'Muestra de arte creado por estudiantes con herramientas digitales.', 240, 1, 200),
('Orientación Vocacional', '2025-10-12', '10:30:00', 'Sala de Orientación', 'ayuda', 'Ayuda a los estudiantes a elegir su camino profesional.', 120, 1, 100),
('Taller de Ciberseguridad', '2025-08-12', '12:30:00', 'Aula TIC', 'taller', 'Conceptos básicos para protegerse en internet.', 120, 1, 100),
('Taller de Resolución de Conflictos', '2025-10-05', '11:00:00', 'Sala de Mediación', 'ayuda', 'Aprende a resolver conflictos de manera efectiva.', 120, 1, 100),
('Charla de Emprendimiento', '2025-08-15', '10:30:00', 'Auditorio Principal', 'charla', 'Cómo iniciar tu propio negocio desde cero.', 90, 1, 75),
('Noche de Juegos de Mesa', '2025-08-18', '19:00:00', 'Cafetería Campus', 'deporte', 'Espacio para jugar UNO, Catán, ajedrez y más.', 150, 1, 125),
('Taller de Photoshop', '2025-08-20', '14:00:00', 'Sala Multimedia', 'taller', 'Aprende a editar imágenes con Photoshop.', 120, 2, 100),
('Torneo de Fútbol Rápido', '2025-08-22', '16:00:00', 'Cancha Techada', 'deporte', 'Equipos competirán en partidos de fútbol rápido.', 180, 3, 150),
('Comunicación Asertiva', '2025-10-03', '16:00:00', 'Sala de Conferencias', 'ayuda', 'Mejora tus habilidades de comunicación.', 90, 3, 75),
('Seminario de Ciencia de Datos', '2025-08-25', '09:30:00', 'Auditorio C', 'charla', 'Introducción a la ciencia de datos y machine learning.', 150, 2, 125),
('Taller de Realidad Aumentada', '2025-08-27', '13:00:00', 'Lab XR', 'taller', 'Crea tu primera app de realidad aumentada.', 120, 3, 100),
('Taller de Escritura Creativa', '2025-09-15', '13:00:00', 'Sala de Lectura', 'curso', 'Desarrolla tus habilidades narrativas y creativas.', 120, 2, 100),
('Gestión del Estrés', '2025-09-25', '14:00:00', 'Sala de Bienestar', 'ayuda', 'Aprende a manejar el estrés académico.', 120, 2, 100),
('Concurso de Memes Académicos', '2025-08-30', '17:00:00', 'Sala de Creatividad', 'curso', 'Los estudiantes presentarán sus mejores memes educativos.', 60, 2, 50),
('Taller de Programación en Python', '2025-09-02', '10:00:00', 'Aula 101', 'curso', 'Aprende a programar en Python desde cero.', 180, 1, 150),
('Caminata por la Naturaleza', '2025-09-05', '08:00:00', 'Entrada Principal', 'deporte', 'Disfruta de una caminata guiada por el campus.', 120, 1, 100),
('Taller de Fotografía Digital', '2025-09-07', '14:00:00', 'Sala de Arte', 'taller', 'Captura momentos únicos con tu cámara.', 150, 4, 125),
('Taller de Autoestima y Confianza', '2025-10-08', '14:00:00', 'Sala de Desarrollo Personal', 'ayuda', 'Fortalece tu autoestima y confianza personal.', 150, 1, 125),
('Charla sobre Blockchain', '2025-09-10', '11:00:00', 'Auditorio D', 'charla', 'Entiende el funcionamiento de la tecnología blockchain.', 120, 3, 100),
('Torneo de Ajedrez', '2025-09-12', '16:00:00', 'Sala de Juegos', 'deporte', 'Competencia de ajedrez entre estudiantes.', 180, 2, 150),
('Conferencia sobre Salud Mental', '2025-09-18', '10:30:00', 'Auditorio E', 'ayuda', 'Charlas sobre la importancia de la salud mental en estudiantes.', 90, 3, 75),
('Taller de Cocina Internacional', '2025-09-20', '18:00:00', 'Cocina del Campus', 'curso', 'Aprende a cocinar platos típicos de diferentes países.', 150, 3, 125),
('Mindfulness', '2025-09-22', '17:00:00', 'Sala de Meditación', 'ayuda', 'Técnicas de relajación y atención plena.', 90, 2, 75),
('Habilidades Sociales', '2025-09-28', '10:00:00', 'Sala de Conferencias', 'ayuda', 'Desarrolla tus habilidades interpersonales.', 150, 1, 125),
('Autocuidado', '2025-10-01', '13:00:00', 'Sala de Bienestar', 'ayuda', 'Aprende a cuidar de ti mismo y tu bienestar.', 120, 2, 100),
('Taller de Prevención del Acoso Escolar', '2025-10-10', '17:00:00', 'Auditorio F', 'ayuda', 'Prevención y manejo del acoso escolar.', 90, 1, 75),
('Torneo de Debate', '2025-09-15', '15:00:00', 'Sala de Conferencias', 'charla', 'Compite en debates sobre temas de actualidad.', 120, 4, 100),
('Yoga al Aire Libre', '2025-09-17', '08:30:00', 'Jardines del Campus', 'deporte', 'Sesión de yoga para todos los niveles.', 90, 3, 75),
('Taller de Origami', '2025-09-19', '12:00:00', 'Sala de Manualidades', 'taller', 'Aprende el arte japonés de doblar papel.', 90, 2, 75),
('Charla sobre Inteligencia Emocional', '2025-09-21', '11:00:00', 'Auditorio G', 'charla', 'Descubre cómo gestionar tus emociones.', 120, 2, 100),
('Taller de Arduino', '2025-09-23', '14:00:00', 'Laboratorio Electrónica', 'taller', 'Construye proyectos electrónicos básicos.', 150, 2, 125),
('Competencia de Matemáticas', '2025-09-25', '10:00:00', 'Aula 202', 'ocio', 'Pon a prueba tus habilidades matemáticas.', 120, 5, 100),
('Taller de Pintura', '2025-09-27', '16:00:00', 'Sala de Arte', 'taller', 'Explora técnicas de pintura acrílica.', 120, 1, 100),
('Charla sobre Nutrición', '2025-09-29', '13:00:00', 'Sala de Bienestar', 'charla', 'Aprende sobre alimentación saludable.', 90, 1, 75),
('Taller de Teatro', '2025-10-02', '17:00:00', 'Sala de Teatro', 'taller', 'Desarrolla tus habilidades escénicas.', 150, 1, 125),
('Cine al Aire Libre', '2025-10-04', '20:00:00', 'Patio Central', 'ocio', 'Proyección de películas bajo las estrellas.', 120, 1, 100),
('Torneo de Ping Pong', '2025-10-06', '15:00:00', 'Sala de Juegos', 'deporte', 'Demuestra tu destreza en el ping pong.', 90, 4, 75),
('Taller de Mind Mapping', '2025-10-09', '11:00:00', 'Aula Creativa', 'curso', 'Organiza tus ideas de forma visual.', 90, 2, 75),
('Charla sobre Voluntariado', '2025-10-11', '12:00:00', 'Auditorio H', 'charla', 'Descubre oportunidades de voluntariado.', 60, 2, 50),
('Taller de Finanzas Personales', '2025-10-13', '10:00:00', 'Sala de Economía', 'curso', 'Aprende a gestionar tu dinero.', 120, 5, 100),
('Competencia de Fotografía', '2025-10-15', '14:00:00', 'Campus', 'ocio', 'Participa en el concurso de fotografía.', 180, 4, 150),
('Taller de Primeros Auxilios', '2025-10-17', '09:00:00', 'Sala de Salud', 'curso', 'Aprende técnicas básicas de primeros auxilios.', 120, 1, 100),
('Charla sobre Medio Ambiente', '2025-10-19', '13:00:00', 'Auditorio I', 'charla', 'Reflexiona sobre el cuidado del planeta.', 90, 1, 75),
('Taller de Escritura Académica', '2025-10-21', '16:00:00', 'Sala de Lectura', 'curso', 'Mejora tus habilidades de redacción académica.', 120, 1, 100),
('Torneo de Petanca', '2025-10-23', '18:00:00', 'Cancha Deportiva', 'deporte', 'Compite en equipos de petanca y pasa un genial rato con tus amigos.', 180, 3, 150),
('Taller de Uso de Smartphones para Mayores', '2025-10-25', '10:00:00', 'Sala de Informática', 'ayuda', 'Aprende a utilizar tu smartphone: llamadas, mensajes, WhatsApp y aplicaciones útiles.', 120, 1, 100),
('Introducción a Internet para Personas Mayores', '2025-10-27', '11:00:00', 'Aula TIC', 'ayuda', 'Descubre cómo navegar por internet, buscar información y utilizar el correo electrónico.', 90, 3, 75),
('Videollamadas y Redes Sociales para Mayores', '2025-10-29', '16:00:00', 'Sala Multimedia', 'ayuda', 'Aprende a hacer videollamadas y a usar redes sociales para mantenerte en contacto con familiares y amigos.', 120, 3, 100),
('Taller de Jardinería Urbana', '2025-10-31', '10:00:00', 'Jardín Botánico', 'taller', 'Aprende técnicas básicas para crear y mantener un huerto urbano.', 120, 4, 100),
('Charla sobre Astronomía', '2025-11-02', '19:00:00', 'Observatorio', 'charla', 'Descubre los misterios del universo y observa las estrellas con telescopio.', 90, 4, 75),
('Torneo de Baloncesto', '2025-11-05', '17:00:00', 'Polideportivo', 'deporte', 'Compite en equipos y demuestra tus habilidades en la cancha.', 180, 3, 150),
('Taller de Manualidades Recicladas', '2025-11-07', '15:00:00', 'Sala de Manualidades', 'taller', 'Crea objetos útiles y decorativos reutilizando materiales.', 120, 3, 100),
('Charla sobre Inteligencia Artificial y Ética', '2025-11-10', '11:00:00', 'Auditorio J', 'charla', 'Reflexiona sobre los desafíos éticos de la IA en la sociedad actual.', 120, 2, 100),
('Taller de Cocina Saludable', '2025-11-12', '13:00:00', 'Cocina del Campus', 'curso', 'Prepara recetas fáciles y nutritivas para el día a día.', 150, 2, 125),
('Torneo de Tenis de Mesa', '2025-11-14', '16:00:00', 'Sala de Juegos', 'deporte', 'Participa en el torneo y gana premios.', 90, 3, 75),
('Taller de Escritura de CV', '2025-11-16', '10:00:00', 'Sala de Orientación', 'curso', 'Aprende a crear un currículum profesional y atractivo.', 90, 3, 75),
('Charla sobre Voluntariado Internacional', '2025-11-18', '12:00:00', 'Auditorio K', 'charla', 'Conoce oportunidades para ayudar en el extranjero.', 90, 4, 75),
('Taller de Mindfulness para Mayores', '2025-11-20', '17:00:00', 'Sala de Meditación', 'ayuda', 'Ejercicios de atención plena y relajación para personas mayores.', 90, 5, 75),
('Torneo de Dominó', '2025-11-22', '15:00:00', 'Sala de Juegos', 'deporte', 'Disfruta de una tarde de dominó con amigos.', 120, 4, 100),
('Taller de Fotografía para Mayores', '2025-11-24', '10:00:00', 'Sala de Arte', 'curso', 'Aprende a capturar momentos de alta calidad para que transmitan sensaciones y sentimientos.', 90, 2, 75),
('Charla sobre Salud y Bienestar', '2025-11-26', '13:00:00', 'Auditorio L', 'charla', 'Reflexiona sobre la importancia de cuidar tu salud física y mental.', 90, 4, 75),
('Taller de Manualidades para Mayores', '2025-11-28', '14:00:00', 'Sala de Manualidades', 'curso', 'Crea objetos decorativos y útiles con tus propias manos.', 120, 2, 100);
-- Actualizar las fotos de las actividades según el tipo
UPDATE actividad
SET foto = CASE
    WHEN tipo = 'charla' THEN 'charla.jpg'
    WHEN tipo = 'taller' THEN 'taller.jpg'
    WHEN tipo = 'deporte' THEN 'deporte.jpg'
    WHEN tipo = 'curso' THEN 'curso.jpg'
    WHEN tipo = 'ayuda' THEN 'ayuda.jpg'
    WHEN tipo = 'ocio' THEN 'ocio.jpg'
    ELSE 'default.png' -- Foto por defecto para tipos no válidos
END;

-- Insertar tipos de actividades
INSERT INTO tipo (nombre, imagen) VALUES
('charla', 'static/IMAGES/charla.jpg'),
('taller', 'static/IMAGES/taller.jpg'),
('deporte', 'static/IMAGES/deporte.jpg'),
('curso', 'static/IMAGES/curso.jpg'),
('ayuda', 'static/IMAGES/ayuda.jpg'),
('ocio', 'static/IMAGES/ocio.jpg');

-- Insertar relaciones de participación
INSERT INTO participacion ( idusuario, idactividad,puntos)
VALUES 
(1, 1, 10), (2, 1, 15), (3, 2, 20),
(4, 3, 12), (5, 4, 18), (6, 5, 14),
(7, 6, 16), (8, 7, 11), (9, 8, 13),
(10, 9, 17), (11, 10, 15), (12, 11, 19),
(13, 12, 10), (14, 13, 12), (15, 14, 14),
(16, 15, 16), (17, 16, 18), (18, 17, 20),
(19, 18, 11), (20, 19, 13), (21, 20, 15),
(22, 21, 17), (23, 22, 19), (24, 23, 10),
(25, 24, 12), (1, 25, 14), (2, 26, 16),
(3, 27, 18), (4, 28, 20), (5, 29, 11),
(6, 30, 13), (7, 31, 15), (8, 32, 17),
(9, 33, 19), (10, 34, 10), (11, 35, 12),
(12, 36, 14), (13, 37, 16), (14, 38, 18),
(15, 39, 20), (16, 40, 11), (17, 41, 13),
(18, 42, 15), (19, 43, 17), (20, 44, 19),
(21, 45, 10), (22, 46, 12), (23, 47, 14),
(24, 48, 16), (25, 49, 18), (1, 50, 20),
(2, 51, 11), (3, 52, 13), (4, 53, 15),
(5, 54, 17), (6, 55, 19), (7, 56, 10),
(8, 57, 12), (9, 58, 14), (10, 59, 16),
(12, 1, 12), (13, 2, 14), (14, 3, 16), 
(15, 4, 18), (16, 5, 20),
(17, 6, 11), (18, 7, 13),
(19, 8, 15), (20, 9, 17), (21, 10, 19),
(22, 11, 10), (23, 12, 12), (24, 13, 14),
(25, 14, 16), (1, 15, 18), (2, 16, 20),
(3, 17, 11), (4, 18, 13), (5, 19, 15),
(6, 20, 17), (7, 21, 19), (8, 22, 10),
(9, 23, 12), (10, 24, 14), (11, 25, 16),
(12,26 ,18),(13 ,27 ,20),(14 ,28 ,11),
(15 ,29 ,13),(16 ,30 ,15),(17 ,31 ,17),
(18 ,32 ,19),(19 ,33 ,10),(20 ,34 ,12),
(21 ,35 ,14),(22 ,36 ,16),(23 ,37 ,18),
(24 ,38 ,20),(25 ,39 ,11),(1 ,40 ,13)
,(2 ,41 ,15),(3 ,42 ,17),(4 ,43 ,19),
(5 ,44 ,10),(6 ,45 ,12),(7 ,46 ,14),
(8 ,47 ,16),(9 ,48 ,18),(10 ,49 ,20),
(11, 50, 11), (12, 51, 13), (13, 52, 15),
(14, 53, 17), (15, 54, 19), (16, 55, 10),
(17, 56, 12), (18, 57, 14), (19, 58, 16),
(20, 59, 18), (21, 1, 20), (22, 2, 11),
(23, 3, 13), (24, 4, 15), (25, 5, 17),
(1, 6, 19), (2, 7, 10), (3, 8, 12),
(4, 9, 14), (5, 10, 16), (6, 11, 18),
(7, 12, 20), (8, 13, 11), (9, 14, 13),
(10, 15, 15), (11, 16, 17), (12, 17, 19),
(13, 18, 10), (14, 19, 12), (15, 20, 14),
(16,21 ,16),(17 ,22 ,18),(18 ,23 ,20),
(19 ,24 ,11),(20 ,25 ,13),(21 ,26 ,15),
(22 ,27 ,17),(23 ,28 ,19),(24 ,29 ,10),
(25 ,30 ,12),(1 ,31 ,14),(2 ,32 ,16),
(3 ,33 ,18),(4 ,34 ,20),(5 ,35 ,11),
(6 ,36 ,13),(7 ,37 ,15),(8 ,38 ,17),
(9 ,39 ,19),(10 ,40 ,10),(11 ,41 ,12),
(12 ,42 ,14),(13 ,43 ,16),(14 ,44 ,18),
(15 ,45 ,20),(16 ,46 ,11),(17 ,47 ,13),
(18 ,48 ,15),(19,49 ,17), (23,1,10),
(24,2,12), (25,3,14), (1,4,16), (2,5,18),
(3,6,20), (4,7,11), (5,8,13), (6,9,15),
(7,10,17), (8,11,19), (9,12,10), (10,13,12),
(11,14,14), (12,15,16), (13,16,18), (14,17,20),
(15 ,18 ,11),(16 ,19 ,13),(17 ,20 ,15),
(18 ,21 ,17),(19 ,22 ,19),(20 ,23 ,10),
(21 ,24 ,12),(22 ,25 ,14),(23 ,26 ,16),
(24 ,27 ,18),(25 ,28 ,20),(1 ,29 ,11),
(2 ,30 ,13),(3 ,31 ,15),(4 ,32 ,17),
(5 ,33 ,19),(6 ,34 ,10),(7 ,35 ,12),
(8 ,36 ,14),(9 ,37 ,16),(10 ,38 ,18),
(11, 39, 20), (12, 40, 11), (13, 41, 13),
(14, 42, 15), (15, 43, 17), (16, 44, 19),
(17, 45, 10), (18, 46, 12), (19, 47, 14),
(20, 48, 16), (21, 49, 18), (22, 50, 20),
(23, 51, 11), (24, 52, 13), (25, 53, 15),
(1, 54, 17), (2, 55, 19), (3, 56, 10),
(4, 57, 12), (5, 58, 14), (6, 59, 16),
 (7, 1, 18), (8, 2, 20), (9, 3, 11),
(10, 4, 13), (11, 5, 15), (12, 6, 17),
(13, 7, 19), (14, 8, 10), (15, 9, 12),
(16, 10, 14), (17, 11, 16), (18, 12, 18),
(19, 13, 20), (20, 14, 11), (21, 15, 13),
(22, 16, 15), (23, 17, 17), (24, 18, 19),
(25 ,19 ,10),(1 ,20 ,12),(2 ,21 ,14),
(3 ,22 ,16),(4 ,23 ,18),(5 ,24 ,20),
(6 ,25 ,11),(7 ,26 ,13),(8 ,27 ,15),
(9 ,28 ,17),(10 ,29 ,19),(11 ,30 ,10),
(12 ,31 ,12),(13 ,32 ,14),(14 ,33 ,16),
(15 ,34 ,18),(16 ,35 ,20),(17 ,36 ,11),
(18 ,37 ,13),(19 ,38 ,15),(20 ,39 ,17),
(21 ,40 ,19),(22 ,41 ,10),(23 ,42 ,12),
(24 ,43 ,14),(25 ,44 ,16),(1 ,45 ,18),
(2 ,46 ,20),(3 ,47 ,11),(4 ,48 ,13),
(5 ,49 ,15),(6 ,50 ,17),(7 ,51 ,19),
(8 ,52 ,10),(9 ,53 ,12),(10 ,54 ,14),
(11, 55, 16), (12, 56, 18), (13, 57, 20),
(14, 58, 11), (15, 59, 13), (16, 1, 15),
(17, 2, 17), (18, 3, 19), (19, 4, 10),
(20, 5, 12), (21, 6, 14), (22, 7, 16),
(23, 8, 18), (24, 9, 20), (25, 10, 11),
(1,11 ,13),(2 ,12 ,15),(3 ,13 ,17),
(4 ,14 ,19),(5 ,15 ,10),(6 ,16 ,12),
(7 ,17 ,14),(8 ,18 ,16),(9 ,19 ,18),
(10 ,20 ,20),(11 ,21 ,11),(12 ,22 ,13),
(13 ,23 ,15),(14 ,24 ,17),(15 ,25 ,19);

UPDATE actividad SET puntos = ROUND(duracion * 50 / 60);

